epoch,time,train/box_loss,train/seg_loss,train/cls_loss,train/dfl_loss,metrics/precision(B),metrics/recall(B),metrics/mAP50(B),metrics/mAP50-95(B),metrics/precision(M),metrics/recall(M),metrics/mAP50(M),metrics/mAP50-95(M),val/box_loss,val/seg_loss,val/cls_loss,val/dfl_loss,lr/pg0,lr/pg1,lr/pg2
1,6.26957,0,0,129.076,0,0,0,0,0,0,0,0,0,0,0,187.875,0,6e-05,6e-05,6e-05
2,7.682,0,0,128.954,0,0,0,0,0,0,0,0,0,0,0,187.875,0,0.00011228,0.00011228,0.00011228
3,9.00973,0,0,128.678,0,0,0,0,0,0,0,0,0,0,0,187.875,0,0.00013288,0.00013288,0.00013288
4,10.5317,0,0,123.945,0,0,0,0,0,0,0,0,0,0,0,187.875,0,0.0001218,0.0001218,0.0001218
5,11.965,0,0,120.43,0,0,0,0,0,0,0,0,0,0,0,187.875,0,7.904e-05,7.904e-05,7.904e-05
